Metric,Value
MSE,0.34150564755605334
R-squared,0.9955636077785406
Adjusted R-squared,0.9954041209401419
