Metric,Value
MAE,0.026099785405364756
MSE,0.004410156890338124
RMSE,0.06640901211686652
R-squared,0.999964524754028
