Metric,Value
Mean Squared Error,6.053444268890253
R-squared,-0.009076212386562199
Adjusted R-squared,-0.022013086904338675
