Metric,Value
Mean Squared Error,7.891767715981035
R-squared,-0.2306074521076571
Adjusted R-squared,-0.24638447072442182
