Metric,Value
MAE,0.11708624052921443
MSE,0.03931575552978673
RMSE,0.1982820101012362
R-squared,0.9998976563234275
