Metric,Value
MSE,1.7123105852475105
R-squared,0.9947224342702295
Adjusted R-squared,0.9945078990779624
